{"cameraMode":{"drawMode":0,"name":"Shaded","section":"Shading Mode"},"sceneLighting":true,"audioPlay":false,"sceneViewState":{"showFog":true,"showMaterialUpdate":false,"showSkybox":true,"showFlares":true,"showImageEffects":true,"showParticleSystems":true},"in2DMode":false,"pivot":{"x":-30.01434898376465,"y":-17.775043487548829,"z":30.72580337524414},"rotation":{"x":-0.17285746335983277,"y":0.3713185787200928,"z":-0.07056895643472672,"w":-0.9095397591590881},"size":106.4310302734375,"orthographic":false}